{
    "model_conv4.pth": {
        "precision": 0.2842380930967319,
        "recall": 0.28144228402658134,
        "f1": 0.27702535424262964,
        "accuracy": 0.28144228402658134
    },
    "model_conv4_vary.pth": {
        "precision": 0.27819653510489795,
        "recall": 0.2719665271966527,
        "f1": 0.2637945129051189,
        "accuracy": 0.2719665271966527
    },
    "model_conv4_kernel3.pth":{
        "precision": 0.2810400728502789,
        "recall": 0.2749815407334482,
        "f1": 0.2735568027927815,
        "accuracy": 0.2749815407334482
    },
    "model_conv5.pth": {
        "precision": 0.28969790634471104,
        "recall": 0.28328821068176224,
        "f1": 0.28043499542150324,
        "accuracy": 0.28328821068176224
    },
    "model_conv6.pth": {
        "precision": 0.29721631685037864,
        "recall": 0.2883337435392567,
        "f1": 0.2879503762374389,
        "accuracy": 0.2883337435392567
    },
    "model_conv7.pth": {
        "precision": 0.33834067006110713,
        "recall": 0.32156042333251295,
        "f1": 0.3224767133469623,
        "accuracy": 0.32156042333251295
    }
}